Threads,Time,ExitCode
4,5.8216,0
4,6.08,0
8,4.59912,0
8,5.19411,0
