Threads,Time,ExitCode
4,5.28906,0
4,5.29552,0
8,4.79875,0
8,4.74709,0
