Threads,Time,ExitCode
4,5.39904,0
4,5.76597,0
8,4.98449,0
8,4.33633,0
