Threads,Time,ExitCode
4,5.45394,0
4,5.7846,0
8,4.31952,0
8,4.27529,0
