Threads,Time,ExitCode
4,5.36881,0
4,5.26552,0
8,4.00662,0
8,3.88965,0
