Threads,Time,ExitCode
4,5.34523,0
4,5.55448,0
8,4.20042,0
8,4.6514,0
