Threads,Time,ExitCode
8,3.70657,0
16,3.56576,0
32,3.48067,0
